env_id,generator,n,median_n_basins,median_cycle_basin_ratio,inside_uniform_95,inside_uniform_99
wrap_grid,uniform,2016,6.5,0.4507068005279302,0.9499007936507936,0.9895833333333334
wrap_grid,row_shuffle,2016,6.5,0.45338121471901216,0.9360119047619048,0.9826388888888888
wrap_grid,perm_balanced,2016,5.75,0.4631700026501828,0.5773809523809523,0.6760912698412699
helical,uniform,2016,6.5,0.45393443961371127,0.9499007936507936,0.9895833333333334
helical,row_shuffle,2016,6.5,0.452161500818276,0.9464285714285714,0.9836309523809523
helical,perm_balanced,2016,5.25,0.44578482033839173,0.5798611111111112,0.6651785714285714
pillar_3,uniform,2016,14.0,0.6326769770408163,0.9499007936507936,0.9895833333333334
pillar_3,row_shuffle,2016,13.75,0.6327886779711884,0.9270833333333334,0.9856150793650794
pillar_3,perm_balanced,2016,13.0,0.5843951187701188,0.5902777777777778,0.6919642857142857
